[{"github_id":3,"title":"Omnisharp not included in Linux build","body":"Our linux build machine does not include the csharp-o\/**bin** folder.\n1. Running `scripts\/npm.sh install` -> csharp-o\/**bin** folder nicely gets created on my linux machine.\n2. Running `gulp vscode-linux-x64` also nicely creates the csharp-o\/**bin** folder on my linux machine.\n\nSomething is strange on our build machine\n","assignee":"jrieken"},{"github_id":4,"title":"C# bracket insertion, indentation not working","body":"Type if (\n\nexpected => closing )\nactual => nothing\n","assignee":"alexdima"},{"github_id":5,"title":"welcome.md packaged wrongly","body":"VSCode > Help > Show Welcome > does not work\n\nIf I look at the contents of my VSCode package I see a top level resource folder containing a welcome.md. This looks badly placed\n","assignee":"isidorn"},{"github_id":6,"title":"Windows only - OmniSharp does not provide IntelliSense for strong named assemblies ","body":"upgrade to rc1 dnx\/runtime\n\n``` bash\ngit clone https:\/\/github.com\/natemcmaster\/test-vscode-strong-name\ncd test-vscode-strong-name\ndnu restore\ncode .\n```\n\npick the Test project.json\n\nresult => \"Internal Class InternalClass is not accessible...\" error.\n\nWorks on OSX\n","assignee":"jrieken"},{"github_id":8,"title":"Flash between opening of workspaces, reload","body":"start code\nset a dark theme _other than the default dark theme_ if you don't already run with a dark theme\nfile | open folder -> pick any folder\nfile | open folder -> pick some other folder\n\nresult: you'll see a delay\/flash between opening of workspaces.\n","assignee":"jrieken"},{"github_id":9,"title":"Extension development: null and undefined values not printed to debug repl","body":"When using console.log() with null or undefined values from an extension, no output shows up in the debug repl making it very hard to understand what is going on at that time.\n","assignee":"isidorn"},{"github_id":10,"title":"Cannot find module 'sinon' when running test\/run.sh from terminal","body":"open terminal\ncd vscode\/tests\n.\/run.sh\n\nresult: \n\nDetail:  { [Error: Cannot find module 'sinon'] code: 'MODULE_NOT_FOUND' }\n","assignee":"weinand"},{"github_id":11,"title":"support to log null and undefined to the repl from an extension","body":"This will fix issue #9 \n","assignee":"joaomoreno"},{"github_id":12,"title":"[clojure] Block comment is not colored any different","body":"Have a clojure file and toggle a block comment somewhere. The code after the block comment is not colored as a comment at all.\n","assignee":"bpasero"},{"github_id":13,"title":"Bad coloring in Kimbie dark theme for some languages","body":"When using Kimbie Dark with C#, the comments and sourcecode have the same color:\n\n![image](https:\/\/cloud.githubusercontent.com\/assets\/900690\/11176196\/e9a8fb78-8c3a-11e5-9e9e-38d751324cee.png)\n","assignee":"aeschli"},{"github_id":14,"title":"C#: Line\/Block comment does not work","body":"I cannot set a line or block comment in C# files anymore.\n","assignee":"bpasero"},{"github_id":15,"title":"CSS: toggle line comment is not preserving","body":"Have a CSS block like this:\n\n``` css\n.monaco-workbench > .part > .status {\n    display: none; \/* Parts have to opt in to show title area *\/\n}\n```\n\nPut the cursor to the body of the declaration and toggle line comment twice, you end up with this:\n\n``` css\n.monaco-workbench > .part > .status {\n    \/*display: none;  Parts have to opt in to show title area *\/\n}\n```\n","assignee":"alexdima"},{"github_id":16,"title":"[f#] Block comment not colored as comment","body":"Using the block comment in F# adds the following around 'samplesLabel':\n\n``` F#\nlet mutable (*samplesLabel*) : System.Windows.Forms.Label = null\n```\n\nThis is however not colored as a comment in VS Code.\n","assignee":"aeschli"},{"github_id":17,"title":"HTML: Not auto-closing quotes when typing attributes","body":"I would assume that typing the opening quote for an attribute puts the closing quote automatically, but this is currently not happening.\n","assignee":"alexdima"},{"github_id":18,"title":"Python: Block comment is three single quotes and not two","body":"When using the block comment feature, only 2 single quotes are put in, instead of three.\n","assignee":"joaomoreno"},{"github_id":19,"title":"PHP: extension console.logs when completing function","body":"Complete a function and find something in the log:\n\n[Plugin Host] provideSignatureHelp\nworkbench.main.js:1675 [Plugin Host] Object {signatures: Array[1], activeSignature: 0, activeParameter: 0}\n","assignee":"jrieken"},{"github_id":20,"title":"[ruby] the mode failed to tokenize the input","body":"Take the ruby file from https:\/\/github.com\/Homebrew\/homebrew\/blob\/master\/Library\/Homebrew\/os\/mac\/xcode.rb and paste it into VS Code, you get an exception: the mode failed to tokenize the input\n","assignee":"aeschli"},{"github_id":21,"title":"[vb] Block comment is not colored","body":"While line comments are nicely colored, block comments are not.\n","assignee":"bpasero"},{"github_id":22,"title":"Development Environment Improvements (code.bat\/code.sh)","body":"There is some work remaining to make the development environment nicer.\n- [x] Do not create the Electron-Build folder outside of the source repository\n- [x] Warn the user when node_modules are missing and a npm install is required\n- [x] Warn the user when he runs npm install and not scripts\/npm\n- [x] Warn the user when out folder is missing and gulp watch is required\n","assignee":"joaomoreno"},{"github_id":23,"title":"[xml] Element and attribute in light and dark theme use same colors","body":"![image](https:\/\/cloud.githubusercontent.com\/assets\/900690\/11178547\/cc7e3a50-8c4d-11e5-8e58-fdaeee133c7f.png)\n","assignee":"isidorn"},{"github_id":24,"title":"TypeScript: Error: Promise did not implement oncancel(\u2026)","body":"When I open \"crashReporter.ts\" (in electron-browser) with VS Code, I get some spam on the console:\n\nWARNING: Promise with no error callback:undefined\nworkbench.main.js:1554 Error: Promise did not implement oncancel(\u2026)\n","assignee":"dbaeumer"},{"github_id":25,"title":"Languageconf fixes","body":"","assignee":"alexdima"},{"github_id":26,"title":"https:\/\/twitter.com\/code uses a Visual Studio icon which is confusing","body":"https:\/\/twitter.com\/code should use a VSCode icon, not the purple\/white visual studio icon. This way users can easly confuse the two.\n","assignee":"seanmcbreen"},{"github_id":28,"title":"No blue icon on linux","body":"I see the blue icon with 0.9 builds, but not with 0.10.1 builds.\nOnly a generic tool icon is shown.\n","assignee":"aeschli"},{"github_id":29,"title":"Send a smile > \"Submit a bug\" should open Github repo","body":"","assignee":"seanmcbreen"},{"github_id":30,"title":"Variables in local window stop stop updating their value when stepping through code quickly","body":"In a node express app I have the following loop:\n\nvar msg = 'hello world';\nvar i = 0;\nwhile (i < 100) {\n  msg = msg + i.toString();\n  i++;\n}\n\nI set up the local and watch windows in the debugger so that I can see the msg variable in both.\n\nWhen stepping through the loop, if I press F10 very quickly, eventually the msg variable in the locals window will stop updating. See the screenshot below\n![snip_20151116130725](https:\/\/cloud.githubusercontent.com\/assets\/1704059\/11182475\/068041ca-8c63-11e5-9e27-842b4943cfbe.png)\n\nWhen stepping through quickly, I sometimes see a message in the watch window that says 'Exception while processing request'\n\nThis is on 0.10.0\n","assignee":"isidorn"},{"github_id":31,"title":"Extension uninstall leaves empty directories behind","body":"I install eslint and jshint and uninstalled them again. I still had two directories in ~\/.vscode\/extensions for dbaeumer.jshint and dbaeumer.eslint with no package.json. On the next start of VSCode it complained about missing package.json files. I needed to delete the folders manually\n","assignee":"joaomoreno"},{"github_id":32,"title":"Program appears to continue executing after pressing stop in the debugger","body":"In a simple node app, I step through a loop in the debugger. Before exiting the loop, I press the stop button\n![snip_20151116130725](https:\/\/cloud.githubusercontent.com\/assets\/1704059\/11185295\/f6af8bbe-8c73-11e5-9a4a-f30d84c14b07.png)\nI expect the program to stop executing right at that point but it appears to continue executing due to the fact that the console.log statement is executed (highlighted below) and the value of the string being output looks like the loop continued to execute even after pressing stop:\n![snip_20151116150729](https:\/\/cloud.githubusercontent.com\/assets\/1704059\/11185303\/ff729908-8c73-11e5-8446-f88aa3559d02.png)\n","assignee":"weinand"},{"github_id":33,"title":"build errors: vscode.d.ts is not found","body":"when running build I am seeing +400 errors, all of them related to vscode.d.ts.\n\n```\n*** Error: vscode\/src\/vs\/workbench\/api\/common\/pluginHostTypes.ts(434,19): Cannot find namespace 'vscode'.\n*** Error: vscode\/src\/vs\/workbench\/api\/common\/pluginHostTypes.ts(437,24): Cannot find namespace 'vscode'.\n*** Error: vscode\/src\/vs\/workbench\/api\/common\/pluginHostTypes.ts(437,46): Cannot find namespace 'vscode'.\n\n....\n\n*** Error: vscode\/extensions\/declares.d.ts(59,51): Cannot find name 'Thenable'.\n*** Error: vscode\/extensions\/vscode-api-tests\/src\/window.test.ts(9,33): Cannot find module 'vscode'.\n*** Finished with 408 errors.\n```\n\n...\n","assignee":"jrieken"},{"github_id":34,"title":"Javascript - regular expressions are not colored - Javascript mode instantiated twice","body":"New **javascript** file, use the following code snippet:\n\n`var booleanRegex = \/^true|false$\/i;`\n`var stringRegex = \/^(['\"]).*\\1$\/;`\n\nNotice the regex value **does not get colored**.\nRegex coloring works for Typescript.\n","assignee":"aeschli"},{"github_id":35,"title":"[extension] resolving a completion items is call twice for the first selected item in the list","body":"","assignee":"dbaeumer"},{"github_id":36,"title":"[Git] weird indicator for renamed file","body":"(I am on Mac OS X, Git 2.4.0)\n- have a checked in README.md with some contents\n- take the contents of the file and move it to a new file CONTRIBUTING.md\n- change the text in README.md to something else\n- stage all\n\n![image](https:\/\/cloud.githubusercontent.com\/assets\/900690\/11213365\/e6561f9e-8d3b-11e5-9bbc-453bfe70d904.png)\n","assignee":"joaomoreno"},{"github_id":37,"title":"vscode \"--extensionHomePath\" option does not work when used with the vscode proxy","body":"I'm developing an extension and want to test its installation from the gallery. After installing it from the gallery, I want to continue development in the VSCode extension host. When launching the extension through F5, I see the annoying extension override warning in the extension host window.\nTo prevent that the ~\/.vscode\/extensions path is used in that case, I tried to use the \" --extensionHomePath\" in the extensionHost launch config and specify an empty directory.\nBut it seems that the \"--extensionHomePath\" isn't honoured in this case (probably because vscode is a proxy that connects to an already running vscode).\n\nBTW, it would be cool if \"--extensionHomePath\" would allow an empty path.\n","assignee":"weinand"},{"github_id":38,"title":"activeTextEditor not correct while the extension is activated","body":"- create the following extension (example for our doc)\n- run the extension. In a workspace create a md file, open it and check that you get the counter in the status bar\n- now reload the workspace while the md file is open. Observer that the md file opens, but the counter is not shown\n\nThe extension activates on \"onLanguage:markdown\".\nWhen it starts, it prints the current active mode: vs.editor.modes.nullMode\nIt registers for active editor change event, but doesn't get any events that tells it that a markdown file has opened.\n\n``` typescript\nimport {window, commands, Disposable, ExtensionContext, StatusBarAlignment, StatusBarItem, TextDocument} from 'vscode';\n\n\/\/ This method is called when your extension is activated. Activation is\n\/\/ controlled by the activation events defined in package.json.\nexport function activate(context: ExtensionContext) {\n\n    \/\/ Use the console to output diagnostic information (console.log) and errors (console.error).\n    \/\/ This line of code will only be executed once when your extension is activated.\n    console.log('Congratulations, your extension \"WordCount\" is now active!');\n\n    \/\/ create a new word counter\n    let wordCounter = new WordCounter();\n    let controller = new WordCounterController(wordCounter);\n\n    \/\/ Add to a list of disposables which are disposed when this extension is deactivated.\n    context.subscriptions.push(controller);\n    context.subscriptions.push(wordCounter);\n}\n\nclass WordCounter {\n\n    private _statusBarItem: StatusBarItem;\n\n    public updateWordCount() {\n\n        \/\/ Create as needed \n        if (!this._statusBarItem) { \n            this._statusBarItem = window.createStatusBarItem(StatusBarAlignment.Left); \n        }  \n\n        \/\/ Get the current text editor \n        let editor = window.activeTextEditor; \n        if (!editor) { \n            this._statusBarItem.hide(); \n            return; \n        } \n\n         let doc = editor.document; \n\n        console.log('Current doc language ' + doc.languageId);\n\n        \/\/ Only update status if an MarkDown file \n        if (doc.languageId === \"markdown\") { \n            let wordCount = this._getWordCount(doc); \n\n            \/\/ Update the status bar \n            this._statusBarItem.text = wordCount !== 1 ? `${wordCount} Words` : '1 Word'; \n            this._statusBarItem.show(); \n        } else { \n            this._statusBarItem.hide(); \n        } \n    } \n\n    public _getWordCount(doc: TextDocument): number { \n\n        let docContent = doc.getText(); \n\n        \/\/ Parse out unwanted whitespace so the split is accurate \n        docContent = docContent.replace(\/(< ([^>]+)<)\/g, '').replace(\/\\s+\/g, ' '); \n        docContent = docContent.replace(\/^\\s\\s*\/, '').replace(\/\\s\\s*$\/, ''); \n        let wordCount = 0; \n        if (docContent != \"\") { \n            wordCount = docContent.split(\" \").length; \n        } \n\n        return wordCount; \n    } \n\n    dispose() {\n        this._statusBarItem.dispose();\n    }\n}\n\nclass WordCounterController {\n\n    private _wordCounter: WordCounter;\n    private _disposable: Disposable;\n\n    constructor(wordCounter: WordCounter) {\n        this._wordCounter = wordCounter;\n        this._wordCounter.updateWordCount();\n\n        \/\/ subscribe to selection change and editor activation events\n        let subscriptions: Disposable[] = [];\n        window.onDidChangeActiveTextEditor(this._onEvent, this, subscriptions);\n\n        \/\/ update the counter for the current file\n        this._wordCounter.updateWordCount();        \n\n        \/\/ create a combined disposable from both event subscriptions\n        this._disposable = Disposable.from(...subscriptions);\n    }\n\n    dispose() {\n        this._disposable.dispose();\n    }\n\n    private _onEvent() {\n        console.log('active editor changed ');\n        this._wordCounter.updateWordCount();\n    }\n}\n```\n\n``` json\n{\n    \"name\": \"WordCount\",\n    \"description\": \"Count the words\",\n    \"version\": \"0.0.1\",\n    \"engines\": {\n        \"vscode\": \"^0.10.1\"\n    },\n    \"categories\": [\n        \"Other\"\n    ],\n    \"activationEvents\": [\n        \"onLanguage:markdown\"\n    ],\n    \"main\": \".\/out\/src\/extension\",\n    \"scripts\": {\n        \"vscode:prepublish\": \"node .\/node_modules\/vscode\/bin\/compile\",\n        \"compile\": \"node .\/node_modules\/vscode\/bin\/compile -watch -p .\/\"\n    },\n    \"devDependencies\": {\n        \"typescript\": \"^1.6.2\",\n        \"vscode\": \"0.10.x\"\n    }\n}\n```\n","assignee":"alexdima"},{"github_id":39,"title":"broken selection feedback when selecting bold text in markdown files","body":"- open a markdown file with bold markup, e.g.\n  abc **text** xyz\n- try to select the line with the mouse starting at 'abc' and slowly extending to 'xyz'\n  Observe: if you reach the second '**', the selection of '**text**' disappears. In the end you have two disconnected selection ranges.\n- in addition I see lots of flashing selection changes while dragging the mouse \n","assignee":"weinand"},{"github_id":41,"title":"Update vscode extensions to package.json schema","body":"Remove 'updateChannels'\n","assignee":"aeschli"},{"github_id":42,"title":"Document symbols are duplicated","body":"When adding a 2nd document symbol provider, let's say for typescript, all entries are duplicated. When adding a 3rd, they are triplicated, etc...\n","assignee":"aeschli"},{"github_id":46,"title":"Disabling telemetry before first run does not work","body":"If I edit `product.json` as recommended in the [instructions for disabling telemetry on OS X](https:\/\/code.visualstudio.com\/Docs\/supporting\/FAQ#_how-to-disable-telemetry-reporting) before running  VS Code for the first time, I get the following error message upon opening it:\n\n<img width=\"420\" alt=\"monosnap rpzk7\" src=\"https:\/\/cloud.githubusercontent.com\/assets\/524783\/11246186\/83c9d7a2-8e0e-11e5-8123-37ec637a2793.png\">\n\nIf I download VS Code, run it once, quit it, and _then_ edit `product.json`, it works fine.\n\nThis is on OS X Yosemite 10.10.5.\n","assignee":"sofianhn"},{"github_id":47,"title":"Commenting using ctrl+k,ctrl+c does not work for JSX files","body":"Block commenting using ctrl+k,ctrl+c does not work for JavaScript React JSX files.\n","assignee":"jrieken"},{"github_id":48,"title":"Running Code should open a new instance, not activate a currently opened one","body":"Ubuntu 12.04, vscode 0.10.1\n\nCurrently when you run `Code` if there is an instances already running (or shift clicking the app icon in Windows\/Ubuntu) it will activate the currently opened window. This should open a new instance, the same goes for opening a new instance of `Code` with a folder as an argument when an instance is already open.\n\nIt's a very common use case for many developers to have multiple editors with the same folder open.\n\n**Repro:**\n1. `Code` (open instance of vscode)\n2. `Code`\n\n**Expected:**\nA new instance of vscode is opened\n\n**Actual:**\nThe current instance of vscode is activated\n","assignee":"bpasero"},{"github_id":51,"title":"Fix add selection above and add selection below hotkey on Ubuntu","body":"I'm used to `alt+shift+up` and `alt+shift+down` expanding the selection above and below the current anchor, as far as I can see this is not implemented in core or an extension.\n\nEdit: This is actually implemented and working fine, the hotkey ctrl+alt+up\/down just conflicts with the Ubuntu OS hotkey to change workspace.\n","assignee":"aeschli"},{"github_id":52,"title":"Interpolation strings don't have colouring","body":"After the update, interpolation strings in a plain `.js` file don't get highlighted anymore. Previous behaviour highlighted plain text, the `$` symbol and the interpolation braces. Now everything between _``_ has no colouring at all.\n\n```\nfunction sayHello(customer)\n{\n    console.log(`Hello ${customer}`);\n}\n```\n\n![nocolours](https:\/\/cloud.githubusercontent.com\/assets\/2777107\/11246534\/59e31da4-8e18-11e5-883a-80d6fb8ff34b.PNG)\n","assignee":"aeschli"},{"github_id":53,"title":"It should be possible to include paths in search in Go to file dialog","body":"**Repro:**\n1. `mkdir -p foo\/bar`\n2. `echo 'test' > foo\/bar\/test`\n3. `Code .`\n4. `Ctrl+P` to open Go to file\n5. Type `foo\/bar\/test`\n\n**Expected:**\nThe test file is the best match\n\n**Actual:**\nNo matches found\n","assignee":"bpasero"},{"github_id":54,"title":"ES6 jsconfig.json error","body":"I am incorrectly getting the following error, **\"This can only be used with ES6. Make sure to have a jsconfig.json-file which sets the target to ES6\"**.\n\nFurthermore, I think I may have stumbled upon a weird case where if the start of the file name is \"temp\" as in \"temp.js\", \"temporary.js\", or \"temp123.js\" it will cause this error.\n\nTo reproduce:\nCreate a file called temp.js with some ES6 code, such as:\n\n```\nlet x = 10\n```\n\nThe above error is now showing. To fix it, create the jsconfig.json file which sets the target to ES6:\n\n```\n{\n    \"compilerOptions\": {\n        \"target\": \"ES6\"\n    }\n}\n```\n\nThe error is still showing, now incorrectly.\n\nIf I rename \"temp.js\" to \"test.js\" (or anything that doesn't start with 'temp') the error goes away. Or, if I create a files array in jsconfig.json which lists \"temp.js\", the error goes away:\n\n```\n{\n    \"compilerOptions\": {\n        \"target\": \"ES6\"\n    },\n    \"files\": [\n        \"temp.js\"\n    ]\n}\n```\n\nI don't want to have to do this for every file in my project.\n\nI'm running on Windows 7, 64-bit.\n\nThanks\n","assignee":"jrieken"},{"github_id":55,"title":"Searching large projects is too slow","body":"Ubuntu 12.04, vscode 0.10.1\n\nI have found Go to file's indexing against a full Chromium workspace to be very slow. It took ~40 seconds to find \"Tab.java\" whereas a simple `find` command took less than a second:\n\n```\n$ time find . -name \"Tab.java\"\n.\/chrome\/android\/java\/src\/org\/chromium\/chrome\/browser\/tab\/Tab.java\n\nreal    0m0.559s\nuser    0m0.268s\nsys 0m0.284s\n```\n\nNote that the workspace is on an SSD.\n","assignee":"chrmarti"},{"github_id":56,"title":"Middle clicking a working file in the working file list should close it and remove it from working files","body":"Ubuntu 12.04, vscode 0.10.1\n\nSeems like an easier\/intuitive shortcut instead of trying to hit the tiny `x` button's hitbox.\n\n**Repro:**\n1. Open vscode\n2. Open a folder\n3. Open and edit a file\n4. Middle click the file in working files\n\n**Expected:**\nThe file should be closed and removed from working files (with are you sure\/save dialog)\n\n**Actual:**\nNothing\n","assignee":"bpasero"},{"github_id":57,"title":"Git integration doesn't work if the open folder in a sub-folder of a git repository","body":"Ubuntu 12.04, vscode 0.10.1\n\nThe main reason I want this is to get around slow go to file indexing https:\/\/github.com\/Microsoft\/vscode\/issues\/55 by opening a sub-directory in Chromium so that indexing it doesn't take very long. Traversing the file path upwards to the root directory should be a fairly quick to perform action.\n\n**Repro:**\n1. `mkdir -p foo\/bar`\n3. `cd foo`\n4. `git init`\n5. `Code bar`\n6. Open git integration tab\n\n**Expected:**\nGit integration realises that `bar` is part of the repo\n\n**Actual:**\nGit integration disabled\n","assignee":"joaomoreno"},{"github_id":59,"title":"Cannot attach debugger to a node.js application running inside a Docker container","body":"I'm trying to attach the Visual Studio Code debugger to a node.js app that is running inside a Docker container.\n\nThe app starts like:\n\n``` sh\nnode --debug-brk app.js\n```\n\nMy `docker-compose.yml` exposes the port for attaching:\n\n``` yml\napp:\n  build: .\n  working_dir: \/code\n  volumes:\n    - .:\/code\n  command: npm run debug\n  ports:\n    - \"3004:3000\"\n    - \"5858:5858\"\n```\n\n`launch.json` is pretty simple:\n\n``` json\n{\n    \"version\": \"0.2.0\",\n    \"configurations\": [\n        {\n            \"name\": \"Docker\",\n            \"type\": \"node\",\n            \"request\": \"attach\",\n            \"port\": 5858\n        }\n    ]\n}\n```\n\nNow, when I start the application and attach the debugger this will correctly connect (I can see the values flashing in the debugger UI already), but then it will stop, telling me the following:\n\n> Error opening 'app.js' (File not found: \/code\/app.js).\n\nIs there any way to fix this path offset? Should one handle this scenario completely different?\n","assignee":"weinand"},{"github_id":60,"title":"Menu license links to non Open Source license","body":"I've just downloaded it:\n\n```\nVersion 0.10.1\nCommit df352367df2efcfa9d602d471e4e2f42140a0f05\nDate 2015-11-17T15:21:23.766Z\nShell 0.34.1\nRenderer 45.0.2454.85\nNode 4.1.1\n```\n\nThe license link points to _non Open Source_ license:\nhttps:\/\/code.visualstudio.com\/license#vscode\n\nFor example:\n\n```\n[...] users cannot opt out of data collection [...]\nYou may not\n* work around any technical limitations in the software;\n```\n","assignee":"chrisdias"},{"github_id":61,"title":"Fix small typo","body":"Fixes small typo.\nThanks for all the great work on VS Code :relaxed:\n","assignee":"aeschli"},{"github_id":63,"title":"File Search got stuck with a great number of files","body":"File search (CTRL + E) got stuck with a great number of files (around 60k files on 5k folders) when searching for a file by its name. It took too long to find the file and sometimes the search bar suddenly disappeared.\n","assignee":"bpasero"},{"github_id":64,"title":"Rounded selection seems broken due to current word highlight","body":"editor.roundedSelection is broken\n- If our selection doesn't span multiple lines, the selection is still squared.\n\n![snip_20151118224023](https:\/\/cloud.githubusercontent.com\/assets\/10473142\/11248132\/85ecf492-8e45-11e5-9faa-45626737db89.png)\n![snip_20151118224059](https:\/\/cloud.githubusercontent.com\/assets\/10473142\/11248133\/88d891a2-8e45-11e5-98ab-fb87d1278a19.png)\n","assignee":"joaomoreno"},{"github_id":66,"title":"Git conflict highlighting can get messed up easily","body":"Ubuntu 12.04, vscode 0.10.1\n\nDeleting and undoing the line doubles the highlight: (stays after closing and reopening the file)\n\n![highlight1](https:\/\/cloud.githubusercontent.com\/assets\/2193314\/11248144\/728d1290-8dd4-11e5-843d-b1207570c8e0.png)\n\nDeleting from the end of the line above the `=======` to the end of the line starting with `>>>>>>>`:\n\n![highlight3](https:\/\/cloud.githubusercontent.com\/assets\/2193314\/11248233\/e578f95e-8dd4-11e5-92a9-603361d90e59.png)\n\nUndoing the above results in this:\n\n![highlight2](https:\/\/cloud.githubusercontent.com\/assets\/2193314\/11248196\/ad1667fe-8dd4-11e5-989b-0fe74bb599d1.png)\n","assignee":"joaomoreno"},{"github_id":69,"title":"Proxy support for extension gallery","body":"Whenever I try to install any extension, using _ext install_, I get a **connect ETIMEDOUT 191.238.172.191:443** error.\n\nTrying to navigate to **https:\/\/191.238.172.191** in the browser produces a warning regarding the certificate being valid only for ***.market.visualstudio.com**, but I'm allowed to proceed.\n\nShouldn't VSCode try to connect to the name instead of the IP?\n\nI'm behind a proxy, VSCode updates just fine behind it, and also lists the available extensions. The firewall here logs the invalid certificate but allows the connection to proceed. Doesn't look like a problem in my end...\n\n**OS:** Windows 7\n**VSCode:** 0.10.1\n","assignee":"joaomoreno"},{"github_id":70,"title":"choice of tool --> type of tool","body":"","assignee":"chrisdias"},{"github_id":71,"title":"[xml] provide a formatter","body":"before the update I could use alt+shift+f to code format an xml file. After the update this no longer works (using windows version 0.10.1)\n","assignee":"aeschli"},{"github_id":72,"title":"Add text\/ng-template to the HTML mime types","body":"Added `'text\/ng-template'` to the HTML mime types to enable HTML highlighting\/help in Angular templates within `<script>` blocks\n","assignee":"joaomoreno"},{"github_id":75,"title":"Allow overriding hardcoded jsconfig\/tsconfig defaults","body":"I'm writing pretty much all of my projects using ES6.\nSo if I want to use Code, I need to add `jsconfig.json` file that contains following snippet to every project I work on:\n\n```\n{\n  \"compilerOptions\": {\n    \"target\": \"es6\"\n  }\n}\n```\n\nDoing this over and over again is annoying to say the least.\n\nI had a quick look at the code and from what I'd grasped the current defaults are hardcoded.\nCan we instead have a global default `jsonfig.json` in user folder (e.g. next to user config) that'll override hardcoded defaults if present? \nOr perhaps part of user config can allow overriding values in it (e.g. `javascript.compilerOptions.target`)?\n","assignee":"jrieken"},{"github_id":76,"title":"Allow to theme UI components of the workbench","body":"Currently I cannot change the style of the editor \"frame\", for example, sidebar color, padding or font. This makes some themes (like Solarized) looks inconsistent with the editor UI.\n","assignee":"bpasero"},{"github_id":77,"title":"Simplify shell command for Linux and OS X","body":"Is there a shell command out of the box to launch VSCode?\n\nAtom has `atom`\nSublime has `subl`\n","assignee":"Tyriar"},{"github_id":78,"title":"use .gitignore to ignore search inside files and folders","body":"use .gitignore to know which files and folders not to search into (think `node_modules` or `packages`)\n","assignee":"roblourens"},{"github_id":79,"title":"Getting \"Visual Studio Code has crashed\" a few times","body":"The last three days, when I come into work, I get this dialog. Is there an error log or crash dump I can attach that will help to diagnose?\n","assignee":"bpasero"},{"github_id":80,"title":"Windows setup file version","body":"windows setup not have a file version and when hover cursor 0.0.0.0 shown. please set setup file version\n","assignee":"alexdima"},{"github_id":81,"title":"react file with .js extension and JavaScript React language doesn't work very well","body":"# errors\n\n![2015-11-18 16_15_18-view js - cis-v2-frontend - visual studio code](https:\/\/cloud.githubusercontent.com\/assets\/941075\/11249737\/e115e850-8e0f-11e5-9566-3c5ae0164e77.png)\n![2015-11-18 16_15_32-view js - cis-v2-frontend - visual studio code](https:\/\/cloud.githubusercontent.com\/assets\/941075\/11249738\/e135b748-8e0f-11e5-8035-3d0922cd6680.png)\n# .js file with errors\n\n![2015-11-18 16_17_12-](https:\/\/cloud.githubusercontent.com\/assets\/941075\/11249739\/e1423cac-8e0f-11e5-913e-11b7fe65f755.png)\n# .jsx file without errors\n\n![image](https:\/\/cloud.githubusercontent.com\/assets\/941075\/11249820\/57dbe4e4-8e10-11e5-96a4-fee57f5243d4.png)\n","assignee":"jrieken"},{"github_id":84,"title":"Add more mouse gestures for multi-cursor","body":"Please Implement Column Mode selection\/editing. \n\nPreviously requested here\nhttps:\/\/visualstudio.uservoice.com\/forums\/293070-visual-studio-code\/suggestions\/7761618-implement-column-mode-selection-editing\n\nOn Mac preferred shortcut is cmd+option(alt) like Sublime Text does.\n","assignee":"alexdima"},{"github_id":86,"title":"PHP autocompletion: $_GET completes into $$_GET","body":"When using autocompletion for variables it places 2 dollar signs instead of 1. For example typing $_GET will transform it into $$_GET. Fails with every completion starting with $.\n","assignee":"jrieken"},{"github_id":87,"title":"Node error for Import saying no exports for files that use module.exports","body":"Test Node project, saying error for these `Imports`, even though they are in fact `export`ing something.\n\n![image](https:\/\/cloud.githubusercontent.com\/assets\/2574412\/11250803\/4e8adf4e-8dfc-11e5-8577-1c6b1c88cc4b.png)\n\n![image](https:\/\/cloud.githubusercontent.com\/assets\/2574412\/11250814\/5d419dfc-8dfc-11e5-9642-6945e87c401f.png)\n","assignee":"jrieken"},{"github_id":88,"title":"Console is difficult to work with on a small screen","body":"While working on my laptop, I found it difficult to use the debug console. For example, consider this screen:\n\n![image](https:\/\/cloud.githubusercontent.com\/assets\/393660\/11250992\/0683cb24-8de4-11e5-9580-0e6e96628e1c.png)\n\nI was able to adjust the side of the code on the right, and hide files:\n\n![image](https:\/\/cloud.githubusercontent.com\/assets\/393660\/11251007\/1b957f58-8de4-11e5-9b39-707239321f7e.png)\n\nBut note there is _still_ text I can't see that bleeds off the right hand side. \n\nIs there any way to wordwrap?\n","assignee":"isidorn"},{"github_id":90,"title":"Document language type","body":"On this page, https:\/\/code.visualstudio.com\/docs\/extensionAPI\/activation-events, specifically: activationEvents.onLanguage\n\nHow does one determine the string that is valid for onLanguage? For example, in my CSS file, would I use:\n\ncss\nCSS\nstylesheet\n\netc? \n","assignee":"jrieken"},{"github_id":91,"title":"Incorrect Breakpoint bindings when using source maps","body":"I\u2019m seeing an issue in VS Code when debugging a TypeScript file with Source Maps that uses TypeScript Async Functions. When I set a breakpoint on the first line of the function body, the breakpoint moves to the first executable line following the end of the function body. I\u2019m trying to determine if this is an issue with TypeScript\u2019s SourceMap output, with VS Code, or with the version of V8 used by VS Code.  I\u2019ve tested the same scenario in Chrome Canary and breakpoints seem to bind correctly, which leads me to believe the issue may not be with TypeScript.\n\nAfter further discussion, it looks like the issue is in the `node-debug` extension. Changing the default from `Bias.GREATEST_LOWER_BOUND` to `Bias.LEAST_UPPER_BOUND` seems to solve the problem.\n\nCC: @weinand \n","assignee":"weinand"},{"github_id":92,"title":"Unable to launch application on OSX","body":"When doing a fresh download, copying `Visual Studio Code.app` to `\/Applications`, and executing I receive the error: `The application \u201cVisual Studio Code.app\u201d can\u2019t be opened.`\n\nUpon looking at the console logs I see the following errors:\n\n```\n11\/18\/15 11:44:47.046 lsd[371]: LaunchServices: Could not store lsd-identifiers file at \/private\/var\/db\/lsd\/com.apple.lsdschemes.plist\n11\/18\/15 11:44:47.049 lsd[371]: LaunchServices: Could not store lsd-identifiers file at \/private\/var\/db\/lsd\/com.apple.lsdschemes.plist\n11\/18\/15 11:44:47.058 com.apple.xpc.launchd[1]: (com.apple.xpc.launchd.oneshot.0x10000046.Atom[62821]) Could not find and\/or execute program specified by service: 2: No such file or directory: \/Applications\/Visual Studio Code.app\/Contents\/MacOS\/Atom\n11\/18\/15 11:44:47.058 Finder[749]: spawn_via_launchd() failed, errno=111 label=[0x0-0x11dc1db].com.github.atom-shell path=\/Applications\/Visual Studio Code.app\/Contents\/MacOS\/Atom flags=1 : LaunchApplicationClient.cp #963 LaunchApplicationWithSpawnViaLaunchD() q=com.apple.root.default-qos\n11\/18\/15 11:44:47.058 Finder[749]: spawn_via_launchd() failed, errno=111 label=[0x0-0x11dc1db].com.github.atom-shell path=\/Applications\/Visual Studio Code.app\/Contents\/MacOS\/Atom flags=1\n11\/18\/15 11:44:47.061 lsd[371]: LaunchServices: Could not store lsd-identifiers file at \/private\/var\/db\/lsd\/com.apple.lsdschemes.plist\n```\n\nIt appears that the App is looking for `\/Applications\/Visual Studio Code.app\/Contents\/MacOS\/Atom` when the correct path should be `\/Applications\/Visual Studio Code.app\/Contents\/MacOS\/Electron`\n\nI'm attempting to upgrade from the original beta, is there something else that needs to be removed to properly make the transition besides deleting the old App in `\/Applications`?\n","assignee":"joaomoreno"},{"github_id":93,"title":"Documentation issue for Extensions, LanguageServer","body":"On this page, https:\/\/code.visualstudio.com\/docs\/extensions\/example-language-server, debugging the server is described like so:\n\n\"Since the server is started by the LanguageClient running the extension we need to attach a debugger to the running server. To do so switch to the VS Code instance containing the server code and press F5. This will attach the debugger to the server. Use the normal Debug View to interact with the running server.\"\n\nI've tried this multiple times now and every time I do, the server fails to debug. I get this error:\n\ncannot connect to runtime process (timeout after 5000ms)\n","assignee":"gregvanl"},{"github_id":94,"title":"VSCode very slooow when opening minified css file","body":"Mac OS X El Capitan, 10.11.1, \nVSCode 0.10.1\ncss file size: 116,198 bytes (119 KB on disk)\n\nThe attached file was built with a minifier as part of a grunt task to build the distributable files of a website. Tried to open the file several times to make sure that file is the issue. The app eventually shows a dialog that says \"Visual Studio is no longer responding\" \n\nWhen I reopen VSCode after the crash, the folder has been forgotten, it opens to a different folder. When is the \"current\" folder updated to the existing folder?\n\nI added the .txt extension in order to add it here. The file extension was originally just .css\n\n[main.08642f99.css.txt](https:\/\/github.com\/Microsoft\/vscode\/files\/38262\/main.08642f99.css.txt)\n","assignee":"isidorn"},{"github_id":95,"title":"ES6 support does not work","body":"When I open any file in my ES6 Javascript project, every single line is underlined in red, with errors like:\n\n![screen shot 2015-11-18 at 12 03 09 pm](https:\/\/cloud.githubusercontent.com\/assets\/79215\/11252725\/88d3c130-8dec-11e5-9b18-3f5bc4337bfe.png)\n\nIn my project's root, I have a `jsconfig.json` file with the following contents:\n\n```\n{\n    \"compilerOptions\": {\n        \"target\": \"ES6\",\n        \"module\": \"commonjs\"\n    },\n    \"files\": [\n        \"app\/\"\n    ]\n}\n```\n\nThe file in question lives inside the `app` folder.\n","assignee":"jrieken"},{"github_id":98,"title":"Support user-wide installations","body":"I run under a standard user account on my machine, and the installer requires administrator rights, which means running it in the context of a different (administrator) user account. After choosing the \"Add to PATH\" option, the installer adds `;C:\\Program Files (x86)\\Microsoft VS Code\\bin` to the user PATH variable of that admin account instead, making it unavailable to me.\n\nI guess the installer should add to the machine PATH instead? It would also be great if the installer could be run under a standard user instead, installing vscode to `%LOCALAPPDATA%\\Programs`, or give the option whether to install for all users or just the current user.\n","assignee":"joaomoreno"},{"github_id":100,"title":"GitHub link on page is broken","body":"https:\/\/code.visualstudio.com\/Home\/Connect points to https:\/\/github.com\/Microsoft\/vscode-distro\/ which is a 404\n","assignee":"sofianhn"}]